call_id,prospect_name,prospect_email,company
2026-07-14_MO_Discovery,Marisol Okafor,marisol@tarnhollow.example,Tarnhollow Builders
2026-07-21_DC_Demo,Dev Castellan,dev@orsolo.example,Orsolo Freight
2026-07-28_PL_Demo,Priya Lindqvist,priya@kestrelmoor.example,Kestrelmoor Clinics
2026-08-04_TA_Discovery,Tomasz Achebe,tomasz@pellwyn.example,Pellwyn Supply
2026-08-11_HM_Proposal,Hana Moreau,hana@quenby.example,Quenby Dental Studio
2026-08-14_RI_Demo,Rafael Istvan,rafael@brackwater.example,Brackwater Electric
2026-08-18_IH_Discovery,Ines Halvorsen,ines@glimmerdale.example,Glimmerdale Homes
2026-08-25_KV_Proposal,Kofi Varga,kofi@ashcombe.example,Ashcombe Haulage
2026-08-28_LB_Demo,Lena Bramwell,lena@fenwright.example,Fenwright HVAC
2026-09-02_AP_Demo,Arjun Pelletier,arjun@mossgate.example,Mossgate Physio
2026-09-08_BK_Discovery,Beatriz Kowal,beatriz@stonerill.example,Stonerill Roofing
2026-09-11_OT_Proposal,Oisin Takeda,oisin@larchfield.example,Larchfield Plumbing
2026-09-16_YD_Demo,Yara Delacroix,yara@corvane.example,Corvane Logistics
2026-09-22_ES_Discovery,Emeka Sorensen,emeka@wrenbury.example,Wrenbury Dental
